# RH antigen allele table — curated core: weak-D + DEL (require-ALL-variants), RHCE E/e.
# C/c, partial-D, RHD*Psi, indel-defined alleles are excluded (see doc/RH.md).
# Source: ISBT RHD v5.8 + RHCE v5.8.2 workbooks; generated by segdup/rh/isbt/gen_rh_alleles.py — DO NOT hand-edit.
# variants = comma-separated genomic pos:ref:alt (b37); ALL required for a match.
allele	gene	category	antigen	variants	protein
RHD*01W.1	RHD	weak	weak D type 1	25629820:T:G,25643553:T:C	p.(Val270Gly);p.(Met379Thr)
RHD*01W.1.1	RHD	weak	weak D type 1.1	25599090:C:G,25629820:T:G,25643553:T:C	p.(Leu18Val);p.(Val270Gly);p.(Met379Thr)
RHD*01W.1.2	RHD	weak	weak D type 1.2	25628088:G:A,25629820:T:G,25643553:T:C	p.(Val238Met);p.(Val270Gly);p.(Met379Thr)
RHD*01W.1.3	RHD	weak	weak D type 1.3	25628043:T:G,25629820:T:G,25643553:T:C	p.(Phe223Val);p.(Val270Gly);p.(Met379Thr)
RHD*01W.2	RHD	weak	weak D type 2	25643553:T:C,25648380:G:C	p.(Met379Thr);p.(Gly385Ala)
RHD*01W.2.1	RHD	weak	weak D type 2.1	25611216:T:A,25643553:T:C,25648380:G:C	p.(Phe101Ile);p.(Met379Thr);p.(Gly385Ala)
RHD*01W.2.2	RHD	weak	weak D type 2.2	25629927:G:A,25629943:A:G,25643553:T:C,25648380:G:C	p.(Val306Ile);p.(Tyr311Cys);p.(Met379Thr);p.(Gly385Ala)
RHD*01W.3	RHD	weak	weak D type 3	25599046:C:G,25643553:T:C	p.(Ser3Cys);p.(Met379Thr)
RHD*01W.3.1	RHD	weak	weak D type 3.1	25599046:C:G,25611093:A:C,25643553:T:C	p.(Ser3Cys);p.(Ile60Leu);p.(Met379Thr)
RHD*01W.5	RHD	weak	weak D type 5	25617242:C:A,25643553:T:C	p.(Ala149Asp);p.(Met379Thr)
RHD*01W.6	RHD	weak	weak D type 6	25599067:G:A,25643553:T:C	p.(Arg10Gln);p.(Met379Thr)
RHD*01W.7	RHD	weak	weak D type 7	25633163:G:A,25643553:T:C	p.(Gly339Glu);p.(Met379Thr)
RHD*01W.8	RHD	weak	weak D type 8	25629930:G:A,25643553:T:C	p.(Gly307Arg);p.(Met379Thr)
RHD*01W.9	RHD	weak	weak D type 9	25629891:G:C,25643553:T:C	p.(Ala294Pro);p.(Met379Thr)
RHD*01W.10	RHD	weak	weak D type 10	25643553:T:C,25648403:T:C	p.(Met379Thr);p.(Trp393Arg)
RHD*01W.10.1	RHD	weak	weak D type 10.1	25643553:T:C,25643562:T:C,25648403:T:C	p.(Met379Thr);p.(Leu382Pro);p.(Trp393Arg)
RHD*01W.10.2	RHD	weak	weak D type 10.2	25643553:T:C,25648403:T:C,25648425:A:C	p.(Met379Thr);p.(Trp393Arg);p.(Lys400Thr)
RHD*01W.12	RHD	weak	weak D type 12	25629841:G:A,25643553:T:C	p.(Gly277Glu);p.(Met379Thr)
RHD*01W.13	RHD	weak	weak D type 13	25629837:G:C,25643553:T:C	p.(Ala276Pro);p.(Met379Thr)
RHD*01W.14	RHD	weak	weak D type 14	25627494:T:A,25627544:A:T,25627552:C:G,25643553:T:C	p.(Ser182Thr);p.(Lys198Asn);p.(Thr201Arg);p.(Met379Thr)
RHD*01W.16	RHD	weak	weak D type 16	25628034:T:C,25643553:T:C	p.(Trp220Arg);p.(Met379Thr)
RHD*01W.17	RHD	weak	weak D type 17	25617136:C:T,25643553:T:C	p.(Arg114Trp);p.(Met379Thr)
RHD*01W.18	RHD	weak	weak D type 18	25599057:C:T,25643553:T:C	p.(Arg7Trp);p.(Met379Thr)
RHD*01W.19	RHD	weak	weak D type 19	25627561:T:C,25643553:T:C	p.(Ile204Thr);p.(Met379Thr)
RHD*01W.20	RHD	weak	weak D type 20	25643553:T:C,25655411:T:C	p.(Met379Thr);p.(Phe417Ser)
RHD*01W.22	RHD	weak	weak D type 22	25643553:T:C,25648450:G:C	p.(Met379Thr);p.(Trp408Cys)
RHD*01W.23	RHD	weak	weak D type 23	25627584:G:T,25643553:T:C	p.(Gly212Cys);p.(Met379Thr)
RHD*01W.24	RHD	weak	weak D type 24	25633160:T:C,25643553:T:C	p.(Leu338Pro);p.(Met379Thr)
RHD*01W.25	RHD	weak	weak D type 25	25617137:G:A,25643553:T:C	p.(Arg114Gln);p.(Met379Thr)
RHD*01W.26	RHD	weak	weak D type 26	25599064:T:A,25643553:T:C	p.(Val9Asp);p.(Met379Thr)
RHD*01W.27	RHD	weak	weak D type 27	25628037:C:T,25643553:T:C	p.(Pro221Ser);p.(Met379Thr)
RHD*01W.28	RHD	weak	weak D type 28	25643553:T:C,25643569:A:C	p.(Met379Thr);p.(Thr384=)
RHD*01W.29	RHD	weak	weak D type 29	25611093:A:C,25611116:G:A,25611118:G:A,25627544:A:T,25628043:T:G,25628120:C:T,25633104:G:A,25633172:T:C,25643553:T:C	p.(Ile60Leu);p.(Ser67=);p.(Ser68Asn);p.(Lys198Asn);p.(Phe223Val);p.(Ser248=);p.(Val319=);p.(Ile342Thr);p.(Met379Thr)
RHD*01W.31	RHD	weak	weak D type 31	25599055:C:T,25643553:T:C	p.(Pro6Leu);p.(Met379Thr)
RHD*01W.32	RHD	weak	weak D type 32	25643538:T:A,25643553:T:C	p.(Ile374Asn);p.(Met379Thr)
RHD*01W.33	RHD	weak	weak D type 33	25627470:G:A,25643553:T:C	p.(Val174Met);p.(Met379Thr)
RHD*01W.34	RHD	weak	weak D type 34	25629820:T:A,25643553:T:C	p.(Val270Glu);p.(Met379Thr)
RHD*01W.35	RHD	weak	weak D type 35	25611175:G:A,25643553:T:C	p.(Gly87Asp);p.(Met379Thr)
RHD*01W.36	RHD	weak	weak D type 36	25629853:T:G,25643553:T:C	p.(Val281Gly);p.(Met379Thr)
RHD*01W.37	RHD	weak	weak D type 37	25617195:G:T,25643553:T:C	p.(Lys133Asn);p.(Met379Thr)
RHD*01W.38	RHD	weak	weak D type 38	25629844:G:A,25643553:T:C	p.(Gly278Asp);p.(Met379Thr)
RHD*01W.39	RHD	weak	weak D type 39	25633162:G:A,25643553:T:C	p.(Gly339Arg);p.(Met379Thr)
RHD*01W.41.0.1	RHD	weak	weak D type 41.0.1	25643553:T:C,25648396:T:C,25648419:A:T	p.(Met379Thr);p.(Leu390=);p.(Glu398Val)
RHD*01W.41	RHD	weak	weak D type 41	25643553:T:C,25648419:A:T	p.(Met379Thr);p.(Glu398Val)
RHD*01W.42	RHD	weak	weak D type 42	25643553:T:C,25648452:A:T	p.(Met379Thr);p.(Lys409Met)
RHD*01W.43	RHD	weak	weak D type 43	25627555:C:T,25643553:T:C	p.(Ala202Val);p.(Met379Thr)
RHD*01W.44	RHD	weak	weak D type 44	25628104:A:G,25643553:T:C	p.(Tyr243Cys);p.(Met379Thr)
RHD*01W.45	RHD	weak	weak D type 45	25643553:T:C,25648421:G:A	p.(Met379Thr);p.(Ala399Thr)
RHD*01W.45.1	RHD	weak	weak D type 45.1	25629829:C:T,25643553:T:C,25648421:G:A	p.(Ala273Val);p.(Met379Thr);p.(Ala399Thr)
RHD*01W.45.2	RHD	weak	weak D type 45.2	25611123:C:T,25629829:C:T,25643553:T:C,25648421:G:A	p.(Arg70Trp);p.(Ala273Val);p.(Met379Thr);p.(Ala399Thr)
RHD*01W.46	RHD	weak	weak D type 46	25643553:T:C,25648447:C:A	p.(Met379Thr);p.(Phe407Leu)
RHD*01W.47	RHD	weak	weak D type 47	25617136:C:G,25643553:T:C	p.(Arg114Gly);p.(Met379Thr)
RHD*01W.48	RHD	weak	weak D type 48	25611097:G:T,25643553:T:C	p.(Gly61Val);p.(Met379Thr)
RHD*01W.49	RHD	weak	weak D type 49	25628146:C:T,25643553:T:C	p.(Ser257Phe);p.(Met379Thr)
RHD*01W.50	RHD	weak	weak D type 50	25628103:T:A,25643553:T:C	p.(Tyr243Asn);p.(Met379Thr)
RHD*01W.51	RHD	weak	weak D type 51	25627544:A:T,25627552:C:G,25643553:T:C	p.(Lys198Asn);p.(Thr201Arg);p.(Met379Thr)
RHD*01W.52	RHD	weak	weak D type 52	25599130:T:C,25643553:T:C	p.(Phe31Ser);p.(Met379Thr)
RHD*01W.53	RHD	weak	weak D type 53	25628116:T:G,25643553:T:C	p.(Val247Gly);p.(Met379Thr)
RHD*01W.54	RHD	weak	weak D type 54	25617161:C:T,25643553:T:C	p.(Ser122Leu);p.(Met379Thr)
RHD*01W.55	RHD	weak	weak D type 55	25629906:C:G,25643553:T:C	p.(Leu299Val);p.(Met379Thr)
RHD*01W.56	RHD	weak	weak D type 56	25599103:C:A,25643553:T:C	p.(Ala22Glu);p.(Met379Thr)
RHD*01W.57	RHD	weak	weak D type 57	25628016:C:T,25643553:T:C	p.(Leu214Phe);p.(Met379Thr)
RHD*01W.58	RHD	weak	weak D type 58	25633153:G:C,25643553:T:C	p.(Gly336Arg);p.(Met379Thr)
RHD*01W.59	RHD	weak	weak D type 59	25643553:T:C,25643565:T:C	p.(Met379Thr);p.(Leu383Pro)
RHD*01W.61	RHD	weak	weak D type 61	25599066:C:T,25643553:T:C	p.(Arg10Trp);p.(Met379Thr)
RHD*01W.62	RHD	weak	weak D type 62	25628037:C:A,25643553:T:C	p.(Pro221Thr);p.(Met379Thr)
RHD*01W.63	RHD	weak	weak D type 63	25628134:T:A,25643553:T:C	p.(Ile253Asn);p.(Met379Thr)
RHD*01W.64	RHD	weak	weak D type 64	25629892:C:T,25643553:T:C	p.(Ala294Val);p.(Met379Thr)
RHD*01W.65	RHD	weak	weak D type 65	25599106:C:A,25643553:T:C	p.(Ala23Asp);p.(Met379Thr)
RHD*01W.66	RHD	weak	weak D type 66	25629927:G:A,25643553:T:C	p.(Val306Ile);p.(Met379Thr)
RHD*01W.67	RHD	weak	weak D type 67	25628098:C:T,25643553:T:C	p.(Thr241Ile);p.(Met379Thr)
RHD*01W.68	RHD	weak	weak D type 68	25611080:C:T,25643553:T:C,25648439:C:G	p.(Thr55=);p.(Met379Thr);p.(Gln405Glu)
RHD*01W.69	RHD	weak	weak D type 69	25633100:G:A,25643553:T:C	p.(Arg318Gln);p.(Met379Thr)
RHD*01W.70	RHD	weak	weak D type 70	25633159:C:G,25643553:T:C	p.(Leu338Val);p.(Met379Thr)
RHD*01W.71	RHD	weak	weak D type 71	25599067:G:C,25643553:T:C	p.(Arg10Pro);p.(Met379Thr)
RHD*01W.72	RHD	weak	weak D type 72	25643553:T:C,25648438:C:A	p.(Met379Thr);p.(Asp404Glu)
RHD*01W.73	RHD	weak	weak D type 73	25643553:T:C,25655402:C:T	p.(Met379Thr);p.(Ala414Val)
RHD*01W.74	RHD	weak	weak D type 74	25611118:G:C,25643553:T:C	p.(Ser68Thr);p.(Met379Thr)
RHD*01W.75	RHD	weak	weak D type 75	25643553:T:C,25648420:G:C	p.(Met379Thr);p.(Glu398Asp)
RHD*01W.76	RHD	weak	weak D type 76	25643553:T:C,25648441:A:C	p.(Met379Thr);p.(Gln405His)
RHD*01W.77	RHD	weak	weak D type 77	25628142:T:C,25643553:T:C	p.(Ser256Pro);p.(Met379Thr)
RHD*01W.78	RHD	weak	weak D type 78	25643553:T:C,25655389:T:G	p.(Met379Thr);p.(Phe410Val)
RHD*01W.79	RHD	weak	weak D type 79	25627510:T:C,25643553:T:C	p.(Leu187Pro);p.(Met379Thr)
RHD*01W.80	RHD	weak	weak D type 80	25627489:G:A,25643553:T:C	p.(Gly180Glu);p.(Met379Thr)
RHD*01W.81	RHD	weak	weak D type 81	25643553:T:C,25648425:A:C	p.(Met379Thr);p.(Lys400Thr)
RHD*01W.82	RHD	weak	weak D type 82	25643553:T:C,25648410:C:T	p.(Met379Thr);p.(Ala395Val)
RHD*01W.83	RHD	weak	weak D type 83	25643553:T:C,25655399:T:G	p.(Met379Thr);p.(Leu413Trp)
RHD*01W.84	RHD	weak	weak D type 84	25611142:G:A,25643553:T:C	p.(Ser76Asn);p.(Met379Thr)
RHD*01W.85	RHD	weak	weak D type 85	25611124:G:A,25643553:T:C	p.(Arg70Gln);p.(Met379Thr)
RHD*01W.86	RHD	weak	weak D type 86	25633181:T:A,25643553:T:C	p.(Val345Glu);p.(Met379Thr)
RHD*01W.87	RHD	weak	weak D type 87	25617170:T:A,25643553:T:C	p.(Ile125Asn);p.(Met379Thr)
RHD*01W.88	RHD	weak	weak D type 88	25611097:G:C,25643553:T:C	p.(Gly61Ala);p.(Met379Thr)
RHD*01W.89	RHD	weak	weak D type 89	25599105:G:C,25643553:T:C	p.(Ala23Pro);p.(Met379Thr)
RHD*01W.90	RHD	weak	weak D type 90	25633140:C:G,25643553:T:C	p.(Asn331Lys);p.(Met379Thr)
RHD*01W.91	RHD	weak	weak D type 91	25643553:T:C,25648413:C:G	p.(Met379Thr);p.(Pro396Arg)
RHD*01W.92	RHD	weak	weak D type 92	25643553:T:C,25643562:T:C	p.(Met379Thr);p.(Leu382Pro)
RHD*01W.93	RHD	weak	weak D type 93	25617155:C:A,25643553:T:C	p.(Ala120Asp);p.(Met379Thr)
RHD*01W.94	RHD	weak	weak D type 94	25629895:T:C,25643553:T:C	p.(Met295Thr);p.(Met379Thr)
RHD*01W.95	RHD	weak	weak D type 95	25628106:G:C,25643553:T:C	p.(Ala244Pro);p.(Met379Thr)
RHD*01W.96	RHD	weak	weak D type 96	25628107:C:T,25643553:T:C	p.(Ala244Val);p.(Met379Thr)
RHD*01W.97	RHD	weak	weak D type 97	25627492:T:C,25643553:T:C	p.(Leu181Pro);p.(Met379Thr)
RHD*01W.98	RHD	weak	weak D type 98	25628127:A:C,25643553:T:C	p.(Thr251Pro);p.(Met379Thr)
RHD*01W.99	RHD	weak	weak D type 99	25643524:A:C,25643553:T:C	p.(Glu369Asp);p.(Met379Thr)
RHD*01W.100	RHD	weak	weak D type 100	25628163:G:A,25643553:T:C	p.(Gly263Arg);p.(Met379Thr)
RHD*01W.101	RHD	weak	weak D type 101	25599100:A:C,25643553:T:C	p.(Glu21Ala);p.(Met379Thr)
RHD*01W.102	RHD	weak	weak D type 102	25599111:A:T,25643553:T:C	p.(Ile25Phe);p.(Met379Thr)
RHD*01W.103	RHD	weak	weak D type 103	25599129:T:A,25643553:T:C	p.(Phe31Ile);p.(Met379Thr)
RHD*01W.104	RHD	weak	weak D type 104	25611072:G:T,25643553:T:C	p.(Asp53Tyr);p.(Met379Thr)
RHD*01W.105	RHD	weak	weak D type 105	25611115:C:G,25643553:T:C	p.(Ser67Trp);p.(Met379Thr)
RHD*01W.106	RHD	weak	weak D type 106	25611135:T:G,25643553:T:C	p.(Trp74Gly);p.(Met379Thr)
RHD*01W.107	RHD	weak	weak D type 107	25611138:A:T,25643553:T:C	p.(Ser75Cys);p.(Met379Thr)
RHD*01W.108	RHD	weak	weak D type 108	25611202:G:A,25643553:T:C	p.(Gly96Asp);p.(Met379Thr)
RHD*01W.109	RHD	weak	weak D type 109	25617172:T:C,25643553:T:C	p.(Ser126Pro);p.(Met379Thr)
RHD*01W.110	RHD	weak	weak D type 110	25617209:A:G,25643553:T:C	p.(Gln138Arg);p.(Met379Thr)
RHD*01W.111	RHD	weak	weak D type 111	25627584:G:A,25643553:T:C	p.(Gly212Ser);p.(Met379Thr)
RHD*01W.112	RHD	weak	weak D type 112	25628011:G:A,25643553:T:C	p.(Gly212Asp);p.(Met379Thr)
RHD*01W.113	RHD	weak	weak D type 113	25629885:T:C,25643553:T:C	p.(Trp292Arg);p.(Met379Thr)
RHD*01W.114	RHD	weak	weak D type 114	25633115:C:T,25643553:T:C	p.(Pro323Leu);p.(Met379Thr)
RHD*01W.115	RHD	weak	weak D type 115	25633130:T:A,25643553:T:C	p.(Met328Lys);p.(Met379Thr)
RHD*01W.116	RHD	weak	weak D type 116	25617142:G:C,25643553:T:C	p.(Ala116Pro);p.(Met379Thr)
RHD*01W.117	RHD	weak	weak D type 117	25617142:G:A,25643553:T:C	p.(Ala116Thr);p.(Met379Thr)
RHD*01W.118	RHD	weak	weak D type 118	25617143:C:T,25643553:T:C	p.(Ala116Val);p.(Met379Thr)
RHD*01W.119	RHD	weak	weak D type 119	25629829:C:T,25643553:T:C	p.(Ala273Val);p.(Met379Thr)
RHD*01W.120	RHD	weak	weak D type 120	25629829:C:A,25643553:T:C	p.(Ala273Glu);p.(Met379Thr)
RHD*01W.121	RHD	weak	weak D type 121	25611091:C:A,25643553:T:C	p.(Ala59Asp);p.(Met379Thr)
RHD*01W.122	RHD	weak	weak D type 122	25611123:C:T,25643553:T:C	p.(Arg70Trp);p.(Met379Thr)
RHD*01W.123	RHD	weak	weak D type 123	25617175:G:T,25643553:T:C	p.(Val127Leu);p.(Met379Thr)
RHD*01W.124	RHD	weak	weak D type 124	25627544:A:T,25643553:T:C	p.(Lys198Asn);p.(Met379Thr)
RHD*01W.125	RHD	weak	weak D type 125	25628047:A:G,25643553:T:C	p.(Asn224Ser);p.(Met379Thr)
RHD*01W.126	RHD	weak	weak D type 126	25643553:T:C,25648425:A:T	p.(Met379Thr);p.(Lys400Ile)
RHD*01W.127	RHD	weak	weak D type 127	25643553:T:C,25648426:A:T	p.(Met379Thr);p.(Lys400Asn)
RHD*01W.128	RHD	weak	weak D type 128	25643553:T:C,25648433:G:T	p.(Met379Thr);p.(Asp403Tyr)
RHD*01W.129	RHD	weak	weak D type 129	25643553:T:C,25648434:A:T	p.(Met379Thr);p.(Asp403Val)
RHD*01W.130	RHD	weak	weak D type 130	25611078:A:C,25643553:T:C	p.(Thr55Pro);p.(Met379Thr)
RHD*01W.131	RHD	weak	weak D type 131	25611169:C:G,25643553:T:C	p.(Ala85Gly);p.(Met379Thr)
RHD*01W.132	RHD	weak	weak D type 132	25617190:G:A,25643553:T:C	p.(Gly132Arg);p.(Met379Thr)
RHD*01W.133	RHD	weak	weak D type 133	25617191:G:A,25643553:T:C	p.(Gly132Glu);p.(Met379Thr)
RHD*01W.134	RHD	weak	weak D type 134	25643553:T:C,25648394:C:G	p.(Met379Thr);p.(Leu390Val)
RHD*01W.135	RHD	weak	weak D type 135	25629895:T:A,25643553:T:C	p.(Met295Lys);p.(Met379Thr)
RHD*01W.136	RHD	weak	weak D type 136	25599079:C:T,25643553:T:C	p.(Pro14Leu);p.(Met379Thr)
RHD*01W.137	RHD	weak	weak D type 137	25628156:C:A,25643553:T:C	p.(His260Gln);p.(Met379Thr)
RHD*01W.138	RHD	weak	weak D type 138	25629882:C:T,25643553:T:C	p.(Pro291Ser);p.(Met379Thr)
RHD*01W.139	RHD	weak	weak D type 139	25643553:T:C,25648395:T:C	p.(Met379Thr);p.(Leu390Pro)
RHD*01W.140	RHD	weak	weak D type 140	25643553:T:C,25655390:T:C	p.(Met379Thr);p.(Phe410Ser)
RHD*01W.141	RHD	weak	weak D type 141	25628044:T:C,25643553:T:C	p.(Phe223Ser);p.(Met379Thr)
RHD*01W.142	RHD	weak	weak D type 142	25599105:G:T,25643553:T:C	p.(Ala23Ser);p.(Met379Thr)
RHD*01W.143	RHD	weak	weak D type 143	25611088:C:T,25643553:T:C	p.(Ala58Val);p.(Met379Thr)
RHD*01W.144	RHD	weak	weak D type 144	25627529:G:C,25643553:T:C	p.(Glu193Asp);p.(Met379Thr)
RHD*01W.145	RHD	weak	weak D type 145	25599079:C:G,25643553:T:C	p.(Pro14Arg);p.(Met379Thr)
RHD*01W.146	RHD	weak	weak D type 146	25617234:G:C,25643553:T:C	p.(Glu146Asp);p.(Met379Thr)
RHD*01W.147	RHD	weak	weak D type 147	25617232:G:A,25643553:T:C	p.(Glu146Lys);p.(Met379Thr)
RHD*01W.148	RHD	weak	weak D type 148	25628046:A:G,25643553:T:C	p.(Asn224Asp);p.(Met379Thr)
RHD*01W.149	RHD	weak	weak D type 149	25628155:A:G,25643553:T:C	p.(His260Arg);p.(Met379Thr)
RHD*01W.151	RHD	weak	weak D type 151	25611090:G:A,25643553:T:C	p.(Ala59Thr);p.(Met379Thr)
RHD*01W.152	RHD	weak	weak D type 152	25611102:G:T,25643553:T:C	p.(Gly63Cys);p.(Met379Thr)
RHD*01W.153	RHD	weak	weak D type 153	25617161:C:G,25643553:T:C	p.(Ser122Trp);p.(Met379Thr)
RHD*01W.154	RHD	weak	weak D type 154	25628024:G:C,25643553:T:C	p.(Leu216Phe);p.(Met379Thr)
RHD*01W.155	RHD	weak	weak D type 155	25628086:C:T,25643553:T:C	p.(Ala237Val);p.(Met379Thr)
RHD*01W.156	RHD	weak	weak D type 156	25643553:T:C,25648416:A:G	p.(Met379Thr);p.(His397Arg)
RHD*01W.158	RHD	weak	weak D type 158	25627476:G:C,25643553:T:C	p.(Ala176Pro);p.(Met379Thr)
RHD*01W.159	RHD	weak	weak D type 159	25643553:T:C,25648439:C:A	p.(Met379Thr);p.(Gln405Lys)
RHD*01W.160	RHD	weak	weak D type 160	25629928:T:A,25643553:T:C	p.(Val306Asp);p.(Met379Thr)
RHD*01W.161	RHD	weak	weak D type 161	25627561:T:A,25643553:T:C	p.(Ile204Lys);p.(Met379Thr)
RHD*01W.162	RHD	weak	weak D type 162	25628158:C:T,25643553:T:C	p.(Pro261Leu);p.(Met379Thr)
RHD*01W.163	RHD	weak	weak D type 163	25633163:G:C,25643553:T:C	p.(Gly339Ala);p.(Met379Thr)
RHD*01W.164	RHD	weak	weak D type 164	25599114:C:T,25643553:T:C	p.(Leu26Phe);p.(Met379Thr)
RHD*01W.165	RHD	weak	weak D type 165	25628037:C:G,25643553:T:C	p.(Pro221Ala);p.(Met379Thr)
RHD*01EL.01	RHD	DEL	DEL (very weak D)	25643553:T:C,25648453:G:A	p.(Met379Thr);p.(Lys409=)
RHD*01EL.02	RHD	DEL	DEL (very weak D)	25599041:G:A,25643553:T:C	p.(Met379Thr)
RHD*01EL.03	RHD	DEL	DEL (very weak D)	25599091:T:C,25643553:T:C	p.(Leu18Pro);p.(Met379Thr)
RHD*01EL.05	RHD	DEL	DEL (very weak D)	25599187:G:A,25643553:T:C	Splice site variant;p.(Met379Thr)
RHD*01EL.06	RHD	DEL	DEL (very weak D)	25611166:T:C,25643553:T:C	p.(Leu84Pro);p.(Met379Thr)
RHD*01EL.07	RHD	DEL	DEL (very weak D)	25617206:C:A,25643553:T:C	p.(Ala137Glu);p.(Met379Thr)
RHD*01EL.08	RHD	DEL	DEL (very weak D)	25617283:G:A,25643553:T:C	Splice site variant;p.(Met379Thr)
RHD*01EL.09	RHD	DEL	DEL (very weak D)	25617284:T:A,25643553:T:C	Splice site variant;p.(Met379Thr)
RHD*01EL.10	RHD	DEL	DEL (very weak D)	25643553:T:C,25648448:T:C	p.(Met379Thr);p.(Trp408Arg)
RHD*01EL.12	RHD	DEL	DEL (very weak D)	25617254:T:C,25643553:T:C	p.(Leu153Pro);p.(Met379Thr)
RHD*01EL.14	RHD	DEL	DEL (very weak D)	25627589:G:T,25643553:T:C	Splice site variant;p.(Met379Thr)
RHD*01EL.16	RHD	DEL	DEL (very weak D)	25627584:G:C,25643553:T:C	p.(Gly212Arg);p.(Met379Thr)
RHD*01EL.17	RHD	DEL	DEL (very weak D)	25643553:T:C,25648429:T:A	p.(Met379Thr);p.(Tyr401Ter)
RHD*01EL.19	RHD	DEL	DEL (very weak D)	25628009:A:G,25643553:T:C	Splice site variant;p.(Met379Thr)
RHD*01EL.20	RHD	DEL	DEL (very weak D)	25643553:T:C,25648372:T:A	p.(Met379Thr);Splice site variant
RHD*01EL.21	RHD	DEL	DEL (very weak D)	25599191:G:C,25643553:T:C	Splice site variant;p.(Met379Thr)
RHD*01EL.24	RHD	DEL	DEL (very weak D)	25629849:G:A,25643553:T:C	p.(Ala280Thr);p.(Met379Thr)
RHD*01EL.25	RHD	DEL	DEL (very weak D)	25643553:T:C,25655413:T:A	p.(Met379Thr);p.(Ter418LysextTer26)
RHD*01EL.29	RHD	DEL	DEL (very weak D)	25643553:T:C,25648436:G:C	p.(Met379Thr);p.(Asp404His)
RHD*01EL.31	RHD	DEL	DEL (very weak D)	25599187:G:T,25643553:T:C	Splice site variant;p.(Met379Thr)
RHD*01EL.33	RHD	DEL	DEL (very weak D)	25617130:A:G,25643553:T:C	Splice site variant;p.(Met379Thr)
RHD*01EL.36	RHD	DEL	DEL (very weak D)	25633372:C:A,25643553:T:C,25648453:G:A	p.(Met379Thr);p.(Lys409=)
RHD*01EL.39	RHD	DEL	DEL (very weak D)	25599151:T:A,25643553:T:C	p.(Leu38Ter);p.(Met379Thr)
RHD*01EL.40	RHD	DEL	DEL (very weak D)	25611193:T:G,25643553:T:C	p.(Leu93Arg);p.(Met379Thr)
RHD*01EL.41	RHD	DEL	DEL (very weak D)	25629883:C:G,25643553:T:C	p.(Pro291Arg);p.(Met379Thr)
RHD*01EL.42	RHD	DEL	DEL (very weak D)	25611035:G:C,25611250:G:C,25643553:T:C	p.(Ser112Thr);p.(Met379Thr)
RHD*01EL.43	RHD	DEL	DEL (very weak D)	25599084:T:C,25643553:T:C	p.(Trp16Arg);p.(Met379Thr)
RHD*01EL.45	RHD	DEL	DEL (very weak D)	25628097:A:C,25643553:T:C	p.(Thr241Pro);p.(Met379Thr)
RHD*01EL.46	RHD	DEL	DEL (very weak D)	25629895:T:C,25643553:T:C	p.(Met295Thr);p.(Met379Thr)
RHD*01EL.49	RHD	DEL	DEL (very weak D)	25633163:G:T,25643553:T:C	p.(Gly339Val);p.(Met379Thr)
RHD*01EL.50	RHD	DEL	DEL (very weak D)	25643553:T:C,25643568:C:G	p.(Met379Thr);p.(Thr384Arg)
RHD*01EL.15	RHD	DEL	DEL (very weak D)	25629933:G:T,25643553:T:C	p.(Gly308Ter);p.(Met379Thr)
RHD*01EL.38	RHD	DEL	DEL (very weak D)	25633157:T:G,25643553:T:C	p.(Leu337Arg);p.(Met379Thr)
RHCE*E/e	RHCE	antigen_site	E/e (RH3/RH5, c.676 Ala226Pro)	25717365:C:G	p.Ala226Pro
